paper_url, status
https://arxiv.org/abs/2605.16205v1, error
https://arxiv.org/abs/2605.16258v1, published
https://arxiv.org/abs/2605.16255v1, published
https://arxiv.org/abs/2605.16250v1, published
https://arxiv.org/abs/2605.16245v1, published
https://arxiv.org/abs/2605.16241v1, published
https://arxiv.org/abs/2605.16238v1, published
https://arxiv.org/abs/2605.16234v1, published
https://arxiv.org/abs/2605.16233v1, published
https://arxiv.org/abs/2605.16232v1, published
https://arxiv.org/abs/2605.16223v1, published
https://arxiv.org/abs/2605.16217v1, published
https://arxiv.org/abs/2605.16215v1, published
https://arxiv.org/abs/2605.16207v1, published
https://arxiv.org/abs/2605.16198v1, published
https://arxiv.org/abs/2605.16194v1, published//fallback
https://arxiv.org/abs/2605.16165v1, published//fallback
https://arxiv.org/abs/2605.16153v1, published//fallback
https://arxiv.org/abs/2605.16143v1, published//fallback
https://arxiv.org/abs/2605.16142v1, published//fallback
https://arxiv.org/abs/2605.05166v1, published//fallback
https://arxiv.org/abs/2605.05172v1, published
https://arxiv.org/abs/2605.05170v1, published
https://arxiv.org/abs/2605.05164v1, published
https://arxiv.org/abs/2605.05206v1, published
https://arxiv.org/abs/2605.05193v1, published
https://arxiv.org/abs/2605.05192v1, published
https://arxiv.org/abs/2605.05191v1, published
https://arxiv.org/abs/2605.04039v1, published
https://arxiv.org/abs/2605.04036v1, published
https://arxiv.org/abs/2605.04019v1, published
https://arxiv.org/abs/2605.04012v1, published
https://arxiv.org/abs/2605.04003v1, published
https://arxiv.org/abs/2605.03989v1, published
https://arxiv.org/abs/2605.03986v1, published
https://arxiv.org/abs/2605.03984v1, published
https://arxiv.org/abs/2605.03969v1, published
https://arxiv.org/abs/2605.03968v1, published
https://arxiv.org/abs/2605.03954v1, published
https://arxiv.org/abs/2605.03952v1, published
https://arxiv.org/abs/2605.03944v1, published
https://arxiv.org/abs/2605.03941v1, published
https://arxiv.org/abs/2605.03936v1, published
https://arxiv.org/abs/2605.03934v1, published
https://arxiv.org/abs/2605.03932v1, published
https://arxiv.org/abs/2605.03929v1, published
https://arxiv.org/abs/2605.03916v1, published
https://arxiv.org/abs/2605.03907v1, published
https://arxiv.org/abs/2604.22748, published
https://arxiv.org/abs/2604.22736, published
https://arxiv.org/abs/1706.03762, published
https://arxiv.org/abs/1810.04805, published
https://arxiv.org/abs/2005.14165, published
https://arxiv.org/abs/1512.03385, published
https://arxiv.org/abs/1312.6114, published
