video_status,render_batch,background_ready,song_dir,source_url
published,22,true,Never Gonna Give You Up (Official Video) (4K Remaster) - Rick Astley - dQw4w9WgXcQ,https://www.youtube.com/watch?v=dQw4w9WgXcQ
published,22,true,Take On Me (Official Video) [4K] - a-ha - djV11Xbc914,https://www.youtube.com/watch?v=djV11Xbc914
published,22,true,I Want It That Way (Official HD Video) - Backstreet Boys - 4fndeDfaWCg,https://www.youtube.com/watch?v=4fndeDfaWCg
published,22,true,Hey There Delilah - Plain White Ts - oEeet9t--tI,https://www.youtube.com/watch?v=oEeet9t--tI
published,22,true,From The Start (Official Music Video) - Laufey - lSD_L-xic9o,https://www.youtube.com/watch?v=lSD_L-xic9o
published,22,true,Be Around Me (feat. chloe moriondo) - Will Joseph Cook - TtEG06uuJKY,https://www.youtube.com/watch?v=TtEG06uuJKY
published,22,true,24 - sundial - Topic - wlg7dhAJkrA,https://www.youtube.com/watch?v=wlg7dhAJkrA
published,22,true,If We Ever Broke Up (Official Video) - Mae Stephens - TbGT3d0pHgo,https://www.youtube.com/watch?v=TbGT3d0pHgo
published,22,true,Rema - Selena Gomez - Calm Down (Official Music Video) - Selena Gomez - WcIcVapfqXw,https://www.youtube.com/watch?v=WcIcVapfqXw
published,22,true,blue - yung kai - MHCsrKA9gh8,https://www.youtube.com/watch?v=MHCsrKA9gh8
published,22,true,I Got Better - Morgan Wallen - Xc-dEsMbQJM,https://www.youtube.com/watch?v=Xc-dEsMbQJM
published,22,true,Towards The Sun (From The -Home- Soundtrack) - Rihanna - mhPDe4IyqeU,https://www.youtube.com/watch?v=mhPDe4IyqeU
published,22,true,Made You Look (Official Music Video) - Meghan Trainor - gPCCYMeXin0,https://www.youtube.com/watch?v=gPCCYMeXin0
published,22,true,Price Tag - Jessie J - 5rcmr-eX2-Y,https://www.youtube.com/watch?v=5rcmr-eX2-Y
published,22,true,Without Me - Halsey - Tk7WFyHUr1E,https://www.youtube.com/watch?v=Tk7WFyHUr1E
rendered,1,true,Run Wild (向风而野) - 是晚星呀 - Topic - bHPwcS2IquY,https://www.youtube.com/watch?v=bHPwcS2IquY
published,22,true,Drama King - Bellah Mae - zlF-KFWf6c4,https://www.youtube.com/watch?v=zlF-KFWf6c4
published,22,true,Shivers (Acoustic Version) - Ed Sheeran - IunRmLHucC4,https://www.youtube.com/watch?v=IunRmLHucC4
published,22,true,Call Me Maybe - Carly Rae Jepsen - fWNaR-rxAic,https://www.youtube.com/watch?v=fWNaR-rxAic
published,22,true,Pump It - Black Eyed Peas - d77gTBvX0K8,https://www.youtube.com/watch?v=d77gTBvX0K8
published,22,true,What Makes You Beautiful - One Direction - d57qSDCxVA4,https://www.youtube.com/watch?v=d57qSDCxVA4
published,22,true,My Humps - Black Eyed Peas - opnZlnd3d7U,https://www.youtube.com/watch?v=opnZlnd3d7U
published,22,true,Party In The U.S.A. - Miley Cyrus - R1kOdTm9FBk,https://www.youtube.com/watch?v=R1kOdTm9FBk
rendered,1,true,Just the Way You Are - Bruno Mars - GnUW4AF1LZo,https://www.youtube.com/watch?v=GnUW4AF1LZo
pending,1,true,We Don't Talk Anymore (feat. Selena Gomez) - Charlie Puth - yN6JgL0IUJg,https://www.youtube.com/watch?v=yN6JgL0IUJg
published,22,true,Ho Hey (Official Video) - The Lumineers - zvCBSSwgtg4,https://www.youtube.com/watch?v=zvCBSSwgtg4
published,22,true,2002 [Official Video] - Anne-Marie - Il-an3K9pjg,https://www.youtube.com/watch?v=Il-an3K9pjg
published,22,true,Mad at Disney - salem ilese - 4cLaxFWT9iI,https://www.youtube.com/watch?v=4cLaxFWT9iI
published,22,true,Backyard Boy - Claire Rosinkranz - 72L5HWbutzI,https://www.youtube.com/watch?v=72L5HWbutzI
published,22,true,Cheap Thrills - Sia - K_idN3P5_yk,https://www.youtube.com/watch?v=K_idN3P5_yk
published,22,true,girls like me don't cry - thủy - T4gmE2nHA_M,https://www.youtube.com/watch?v=T4gmE2nHA_M
published,22,true,Hotel - Claire Rosinkranz - R5dAVAkwpUU,https://www.youtube.com/watch?v=R5dAVAkwpUU
published,22,true,Are You Bored Yet- (feat. Clairo) - Wallows - nt4_p9Pz0RI,https://www.youtube.com/watch?v=nt4_p9Pz0RI
rendered,1,true,Too Sweet (Official Video) - Hozier - NTpbbQUBbuo,https://www.youtube.com/watch?v=NTpbbQUBbuo
published,22,true,Clairo - Sofia - Claire Cottrill - L9l8zCOwEII,https://www.youtube.com/watch?v=L9l8zCOwEII
published,22,true,Go Away (Official Music Video) - weezer - pnTIsubYbCU,https://www.youtube.com/watch?v=pnTIsubYbCU
rendered,1,true,One Thing - One Direction - Y1xs_xPb46M,https://www.youtube.com/watch?v=Y1xs_xPb46M
published,22,true,To All the Boys I’ve Loved Before - JAX - Sdf0UxuN7uY,https://www.youtube.com/watch?v=Sdf0UxuN7uY
published,22,true,Billie Jean - Michael Jackson - 7CTJcHjkq0E,https://www.youtube.com/watch?v=7CTJcHjkq0E
rendered,1,true,Who Says - Selena Gomez - m4p0WNN9p-Y,https://www.youtube.com/watch?v=m4p0WNN9p-Y
rendered,1,true,Sad Girl Summer - Maisie Peters - EKDEIlVUPjI,https://www.youtube.com/watch?v=EKDEIlVUPjI
rendered,1,true,Dracula - Tame Impala - cuMuMnCRfqk,https://www.youtube.com/watch?v=cuMuMnCRfqk
published,22,true,As It Was (Official Video) - Harry Styles - H5v3kku4y6Q,https://www.youtube.com/watch?v=H5v3kku4y6Q
rendered,1,true,A Thousand Years [Official Music Video] - Christina Perri - rtOvBOTyX00,https://www.youtube.com/watch?v=rtOvBOTyX00
